username;email;nama;no_telepon
anton12;anton@ui.ac.id;anton;081234567890
bagas.kahfi;bagas@ui.ac.id;bagas;083333367890
dimas.e;dimas@ui.ac.id;dimas;086666667890
newtsalam;newt@ui.ac.id;newt;089999967890
anti.a;anti@ui.ac.id;anti;081123467890
brook.l;brook@ui.ac.id;brook;084321567890
deby.s;deby@ui.ac.id;deby;087618967890
holmes.lock;holmes@ui.ac.id;holmes;081098767890
akmal.a;akmal@ui.ac.id;akmal;081112367890
cindy.p;cindy@ui.ac.id;cindy;084432167890
dina.m;dina@ui.ac.id;dina;087761867890
ajmal.t;naili@ui.ac.id;ajmal;081111267890
cantika45;ajmal@ui.ac.id;cantika;084443267890
eki.sistem;cantika@ui.ac.id;eki;087776167890
anggara.d;eki@ui.ac.id;anggara;081111167890
cika83;vikri@ui.ac.id;cika;084444367890
elios.l;anggara@ui.ac.id;elios;087777667890
angkasapura;cika@ui.ac.id;angkasa;082134567890
cecep.j;elios@ui.ac.id;cecep;084444467890
eunsikorea;gries@ui.ac.id;eunsik;087777767890
andreas.;angkasa@ui.ac.id;andreas;082213467890
cherry.buah;cecep@ui.ac.id;cherry;085432167890
ellats;eunsik@ui.ac.id;ella;088761967890
andibobo;latifah@ui.ac.id;andi;082221367890
chopper.o;andreas@ui.ac.id;chopper;085543267890
faridtri3;cherry@ui.ac.id;farid;088876167890
doffy.doffy;ella@ui.ac.id;doffy;085554367890
ferguso90;andi@ui.ac.id;ferguso;088887667890
bayuastra;chopper@ui.ac.id;bayu;082222167890
dinosaurus;farid@ui.ac.id;dino;085555467890
fika76;doffy@ui.ac.id;fika;088888767890
bimasakti;ferguso@ui.ac.id;bima;082222267890
doniband;bayu@ui.ac.id;doni;085555567890
tayosibus;dino@ui.ac.id;tayo;088888867890
bisma.t;fika@ui.ac.id;bisma;083214567890
dikaradit;bima@ui.ac.id;dika;086178967890
lani.b;doni@ui.ac.id;lani;089876167890
betrand.h;tayo@ui.ac.id;betrand;083321467890
desiratna;bisma@ui.ac.id;desi;086617867890
amber23;dika@ui.ac.id;amber;089987667890
bernardbear;lani@ui.ac.id;bernard;083332167890
jessica;betrand@ui.ac.id;jessica;089998767890
bagus.kaffa;desi@ui.ac.id;bagus;083333267890
didi.y;amber@ui.ac.id;didi;086666167890
liliyana;bernard@ui.ac.id;liliyana;089999867890
muthia.f;dekwill@ui.ac.id;muthia;081000189213
fauhan.p;jessica@ui.ac.id;fauhan;081000289213
sultan.m;bagus@ui.ac.id;sultan;081000389213
rifat.k;didi@ui.ac.id;rifat;081000489213
tusty.n;liliyana@ui.ac.id;tusty;081000589213
martin.n;martin@ui.ac.id;martin;081000689213
akuadmin;kevin@ui.ac.id;kevin;081000789213
imnotadmin;jihan@ui.ac.id;jihan;081000889213
siapaaku;indah@ui.ac.id;indah;081000989213
aquair;sukarno@ui.ac.id;sukarno;081001089213
adminnih;putra@ui.ac.id;putra;081001189213
lokerkosong;surya@ui.ac.id;surya;081001289213
buani.buana;satria@ui.ac.id;satria;081001389213
iffah.el;iffah@ui.ac.id;iffah;081001489213
usernamaku;sehun@ui.ac.id;sehun;081001589213
wisnuj;wisnu@ui.ac.id;wisnu;081001689213
bellawidjaja;bella@ui.ac.id;bella;081001789213
aniaty.m;aniaty@ui.ac.id;aniaty;081001889213
iis.a;iis@ui.ac.id;iis;081001989213
laksmita;laksmita@ui.ac.id;laksmita;081002089213
im.ivan;ivan@ui.ac.id;ivan;081002189213
inibudi;budi@ui.ac.id;budi;081002289213
ichalAF;fahrizal@ui.ac.id;fahrizal;081002389213
windy.a;windy@ui.ac.id;windy;081002489213
fadhillah.z;fadhillah@ui.ac.id;fadhillah;081002589213
annisa.m;annisa@ui.ac.id;annisa;081002689213
hepatika.z;hepatika@ui.ac.id;hepatika;081002789213
nabila.c;nabila@ui.ac.id;nabila;081002889213
hidupandu;pandu@ui.ac.id;pandu;081002989213
roby.al;roby@ui.ac.id;roby;081003089213
grafika.j;grafika@ui.ac.id;grafika;081003189213
mouzaqg;muzakkar@ui.ac.id;muzakkar;081003289213
wulandasri;sri@ui.ac.id;sri;081003389213
mutein;mutmainnah@ui.ac.id;mutmainnah;081003489213
wanafaj;wahana@ui.ac.id;wahana;081003589213
ayu.az;ayu@ui.ac.id;ayu;081003689213
masjomblo;alfian@ui.ac.id;alfian;081003789213
anugrah.f;fajar@ui.ac.id;fajar;081003889213
aldi.umar;aldi@ui.ac.id;aldi;081003989213
m.faat;syafaat@ui.ac.id;syafaat;081004089213
cannunu;nurul@ui.ac.id;nurul;081004189213
ikaprtwi;ika@ui.ac.id;ika;081004289213
bukanhero;baymax@ui.ac.id;baymax;081004389213
welcome;hiro@ui.ac.id;hiro;081004489213
viking245;grindelwald@ui.ac.id;grindelwald;081004589213
