username;password
anton12;antoni12
bagas.kahfi;bagas.kahfi
dimas.e;dimas.e
newtsalam;newtsalamander
anti.a;anti.a
brook.l;brook.l
deby.s;deby.s
holmes.lock;holmes.lock
akmal.a;akmal.a
cindy.p;cindy.p
dina.m;dina.m
naili.s;nailinaili2kali
ajmal.t;ajmal.t
cantika45;cantika45
eki.sistem;eki.sistem
vikri.a;vikri.a
anggara.d;anggara.d
cika83;cika83
elios.l;elios.l
gries.y;gries.y
angkasapura;angkasapura
cecep.j;cecep.j
eunsikorea;eunsikorea
latifah.a;latifah.a
andreas.;andreas.
cherry.buah;cherry.buah
ellats;ellats
andibobo;andibobo
chopper.o;chopper.o
faridtri3;faridtri3
doffy.doffy;doffy.doffy
ferguso90;ferguso90
bayuastra;bayuastra
dinosaurus;dinosaurus
fika76;fika76
bimasakti;bimasakti
doniband;doniband
tayosibus;tayosibus
bisma.t;bisma.t
dikaradit;dikaradit
lani.b;lani.b
betrand.h;betrand.h
desiratna;desiratna
amber23;amber23
bernardbear;bernardbear
dekwillkuh;gantengcelalu
jessica;jessica
bagus.kaffa;bagus.kaffa
didi.y;didi.y
liliyana;liliyana
muthia.f;muthia.f
fauhan.p;fauhan.p
sultan.m;sultan.m
rifat.k;rifat.k
tusty.n;tusty.n
martin.n;martin.n
akuadmin;akuadmin
imnotadmin;imnotadmin
siapaaku;siapaaku
aquair;aquair
adminnih;adminnih
lokerkosong;lokerkosong
buani.buana;buani.buana
iffah.el;iffah.el
usernamaku;usernamaku
wisnuj;wisnuj
bellawidjaja;bellawidjaja
aniaty.m;aniaty.m
iis.a;iis.a
laksmita;laksmita
im.ivan;im.ivan
inibudi;inibudi
ichalAF;ichalAF
windy.a;windy.a
fadhillah.z;fadhillah.z
annisa.m;annisa.m
hepatika.z;hepatika.z
nabila.c;nabila.c
hidupandu;hidupandu
roby.al;roby.al
grafika.j;grafika.j
mouzaqg;mouzaqg
wulandasri;wulandasri
mutein;mutein
wanafaj;wanafaj
ayu.az;ayu.az
masjomblo;masjomblo
anugrah.f;anugrah.f
aldi.umar;aldi.umar
m.faat;m.faat
cannunu;cannunu
ikaprtwi;ikaprtwi
bukanhero;bukanhero
welcome;welcome
viking245;viking245
